{"years": [1950, 1951, 1952, 1953, 1954, 1955, 1956, 1957, 1958, 1959, 1960, 1961, 1962, 1963, 1964, 1965, 1966, 1967, 1968, 1969, 1970, 1971, 1972, 1973, 1974, 1975, 1976, 1977, 1978, 1979, 1980, 1981, 1982, 1983, 1984, 1985, 1986, 1987, 1988, 1989, 1990, 1991, 1992, 1993, 1994, 1995, 1996, 1997, 1998, 1999, 2000, 2001, 2002, 2003, 2004, 2005, 2006, 2007, 2008, 2009, 2010, 2011, 2012, 2013, 2014, 2015, 2016, 2017, 2018, 2019, 2020, 2021, 2022], "pct": [85.71428571428571, 62.5, 87.5, 77.77777777777779, 44.44444444444444, 71.42857142857143, 75.0, 50.0, 54.54545454545454, 55.55555555555556, 60.0, 62.5, 44.44444444444444, 70.0, 30.0, 60.0, 44.44444444444444, 36.36363636363637, 41.66666666666667, 54.54545454545454, 46.15384615384615, 63.63636363636363, 41.66666666666667, 46.666666666666664, 26.666666666666668, 42.857142857142854, 37.5, 29.411764705882355, 50.0, 40.0, 42.857142857142854, 26.666666666666668, 25.0, 26.666666666666668, 75.0, 37.5, 56.25, 56.25, 93.75, 62.5, 37.5, 50.0, 62.5, 62.5, 50.0, 64.70588235294117, 75.0, 47.05882352941176, 56.25, 43.75, 58.82352941176471, 52.94117647058824, 88.23529411764706, 50.0, 83.33333333333334, 52.63157894736842, 50.0, 52.94117647058824, 44.44444444444444, 47.05882352941176, 47.368421052631575, 63.1578947368421, 35.0, 68.42105263157895, 84.21052631578947, 84.21052631578947, 90.47619047619048, 60.0, 52.38095238095239, 71.42857142857143, 76.47058823529412, 50.0, 81.81818181818183]}