{"years": [1950, 1951, 1960, 1961, 1962, 1963, 1964, 1965, 1966, 1967, 1968, 1969, 1970, 1971, 1972, 1973, 1974, 1975, 1976, 1977, 1978, 1979, 1980, 1981, 1982, 1983, 1984, 1985, 1986, 1987, 1988, 1989, 1990, 1991, 1992, 1993, 1994, 1995, 1996, 1997, 1998, 1999, 2000, 2001, 2002, 2003, 2004, 2005, 2006, 2007, 2008, 2009, 2010, 2011, 2012, 2013, 2014, 2015, 2016, 2017, 2018, 2019, 2020, 2021, 2022], "rho": [0.5207642807206544, 0.6980914857217595, 0.5365975586680403, 0.6535814871251648, 0.5495371562840012, 0.543685871435308, 0.505489546509728, 0.7247454545836706, 0.8417651686748163, 0.699476410496819, 0.4855380505139994, 0.6158892064608038, 0.5375355822980836, 0.6551419569541597, 0.4992482119989394, 0.49686835830005427, 0.504684171638989, 0.48081858720394216, 0.6843902375576134, 0.540772358150539, 0.6076097589022542, 0.7013785973594227, 0.6429652562066669, 0.5892830296843721, 0.6502000316646976, 0.6165753887395209, 0.6821337475821403, 0.5594654666223563, 0.6380585119863962, 0.5847436821256171, 0.7773194499229886, 0.6136011118728507, 0.5747332397775171, 0.6218190133719643, 0.816424573523764, 0.6712848242167364, 0.5450806820017884, 0.7308491342994442, 0.7781785638348633, 0.704378653979233, 0.7662573332269703, 0.711214328602658, 0.7318828600711986, 0.7808954001250797, 0.7395314176086681, 0.722882070963797, 0.7252292141469672, 0.5940424139214708, 0.7539327179613398, 0.8049550457955785, 0.672720569257826, 0.7326476182559455, 0.7943757123687358, 0.8287025032139552, 0.7393634840364923, 0.7831125183257722, 0.773880249530497, 0.768302204676233, 0.7900760368584275, 0.7607765823230522, 0.7631740569471623, 0.7325268122865778, 0.7450959277125158, 0.7399951529900665, 0.7019387453741056]}