{"decades": [1990, 2000, 2010, 2020], "coefs": [0.02666359576210007, 0.030281170653774832, 0.03974592682384484, 0.013533627651656308], "ci_low": [0.01749742429145519, 0.022308762173770973, 0.03233616235523349, 0.0061148076584854934], "ci_high": [0.03582976723274495, 0.03825357913377869, 0.04715569129245619, 0.02095244764482712]}