{"years": [2021, 2022], "pct": [0.8154020385050963, 4.595744680851064]}